EmployeeID,Age,Department,EducationLevel,MonthlyIncome,YearsAtCompany,DistanceFromHome_km,OverTime,NumProjects,JobSatisfaction,WorkLifeBalance,PerformanceRating,PromotionLast5Years,TrainingHoursLastYear,Attrition
EMP1000,59,IT,Bachelor,68479,1,5,No,3,1,4,4,0,50,Yes
EMP1001,49,Finance,Master,83157,7,27,No,2,3,1,4,0,31,No
EMP1002,35,IT,Bachelor,64824,20,12,No,7,2,4,4,1,49,No
EMP1003,28,Sales,Bachelor,74028,1,17,No,2,3,1,1,0,40,No
EMP1004,41,HR,Bachelor,81317,3,6,No,4,1,4,2,0,65,No
EMP1005,59,IT,Diploma,76335,24,33,Yes,3,3,3,3,1,24,No
EMP1006,39,IT,Bachelor,70720,14,5,Yes,6,4,1,2,1,60,No
EMP1007,43,Sales,Master,100662,3,28,No,3,3,1,2,0,65,No
EMP1008,31,Finance,Bachelor,89839,12,14,Yes,1,1,3,4,1,41,Yes
EMP1009,31,Finance,Master,63285,11,5,No,5,4,3,4,0,64,No
EMP1010,44,Sales,Master,46806,12,33,Yes,5,3,1,4,0,35,No
EMP1011,56,Finance,Master,77772,13,19,Yes,1,3,3,1,1,75,No
EMP1012,44,Sales,Bachelor,69317,19,22,No,7,4,2,2,0,8,No
EMP1013,23,Sales,Master,99180,17,5,No,5,2,4,2,0,35,Yes
EMP1014,42,Sales,Diploma,84750,5,2,No,2,4,4,1,0,37,No
EMP1015,22,Sales,Master,80284,10,30,Yes,5,2,4,1,0,32,No
EMP1016,44,IT,Bachelor,65259,1,39,Yes,5,1,2,1,0,41,No
EMP1017,50,Sales,Diploma,47486,22,4,No,1,1,3,2,0,60,Yes
EMP1018,58,R&D,Bachelor,61041,18,33,No,7,4,3,2,1,45,No
EMP1019,22,Sales,Master,74537,18,13,No,4,4,1,4,1,60,No
EMP1020,41,R&D,PhD,30408,4,20,No,5,1,3,4,1,17,No
EMP1021,53,Sales,Bachelor,89834,18,7,No,6,2,1,2,0,69,No
EMP1022,32,IT,Bachelor,106341,1,15,No,5,1,2,4,0,79,No
EMP1023,42,Sales,Bachelor,26101,9,23,No,4,4,4,1,1,14,No
EMP1024,45,Finance,Master,36996,24,14,No,1,1,4,3,1,47,No
EMP1025,47,IT,Master,69593,1,23,No,4,4,4,4,0,71,No
EMP1026,48,Sales,Bachelor,53348,10,19,No,1,4,3,2,0,12,Yes
EMP1027,36,Finance,Bachelor,70218,17,29,No,2,1,1,4,0,42,No
EMP1028,35,Sales,Bachelor,63567,23,20,No,1,2,1,4,0,59,No
EMP1029,23,Sales,Bachelor,44524,14,29,Yes,2,3,2,4,0,56,No
EMP1030,57,Sales,Bachelor,90768,8,24,Yes,2,1,3,3,1,70,No
EMP1031,27,R&D,PhD,74290,22,18,No,1,3,2,1,0,16,No
EMP1032,41,HR,Bachelor,53805,18,10,No,6,1,1,2,0,49,No
EMP1033,29,IT,PhD,95101,8,8,Yes,3,3,1,3,0,31,Yes
EMP1034,59,R&D,Master,54832,2,26,No,1,2,4,2,0,21,No
EMP1035,38,IT,Bachelor,40163,20,29,No,5,2,3,2,0,54,No
EMP1036,24,Sales,Master,68670,8,10,No,6,1,1,2,0,56,No
EMP1037,45,IT,Master,72063,13,17,No,6,4,4,3,0,12,No
EMP1038,34,Sales,Bachelor,75638,18,2,No,5,3,3,1,0,46,No
EMP1039,29,Sales,Bachelor,78927,6,6,Yes,3,4,2,2,0,61,No
EMP1040,46,Sales,Bachelor,75322,15,5,Yes,6,4,3,1,0,53,No
EMP1041,22,Sales,Bachelor,74510,15,28,Yes,2,4,3,1,0,28,No
EMP1042,40,HR,Bachelor,53525,0,5,No,3,2,1,4,1,21,No
EMP1043,48,IT,Bachelor,51385,3,18,Yes,7,1,1,3,0,64,Yes
EMP1044,27,Sales,Bachelor,79847,3,26,No,5,1,3,3,1,28,No
EMP1045,28,IT,Bachelor,69869,6,20,No,3,2,1,4,0,47,No
EMP1046,55,IT,Bachelor,81405,7,27,No,1,2,1,4,1,4,No
EMP1047,34,Finance,Bachelor,30854,16,12,Yes,3,1,1,1,1,34,No
EMP1048,37,Sales,Bachelor,54984,4,7,Yes,2,4,4,2,0,73,Yes
EMP1049,56,R&D,Diploma,103140,6,3,Yes,1,3,4,3,0,70,No
EMP1050,24,Finance,Bachelor,76051,19,10,No,4,3,3,2,0,45,No
EMP1051,22,IT,Master,70911,19,34,No,5,3,1,2,1,34,No
EMP1052,26,R&D,Bachelor,79158,3,25,Yes,5,4,4,4,0,44,No
EMP1053,24,Sales,Diploma,109169,5,35,Yes,3,1,3,2,0,12,Yes
EMP1054,49,R&D,Bachelor,104961,6,16,Yes,6,2,1,1,0,9,No
EMP1055,38,HR,Diploma,33410,17,2,Yes,1,1,2,4,1,65,No
EMP1056,46,IT,Master,40790,4,24,No,4,4,1,2,0,69,No
EMP1057,54,Sales,Bachelor,32732,19,10,No,1,2,1,4,0,71,No
EMP1058,30,HR,PhD,50058,2,38,No,5,4,4,1,0,24,Yes
EMP1059,56,HR,Master,66098,6,22,No,1,3,3,1,0,43,No
EMP1060,34,HR,Bachelor,69840,21,26,Yes,4,3,3,2,0,59,Yes
EMP1061,51,IT,Master,34390,13,39,No,6,4,4,4,0,46,Yes
EMP1062,35,IT,Diploma,27653,6,27,No,3,2,1,2,0,39,Yes
EMP1063,28,R&D,Bachelor,49704,4,29,No,2,2,2,2,1,6,No
EMP1064,34,Finance,Bachelor,83323,21,38,No,1,1,1,4,0,45,No
EMP1065,43,Sales,Master,86807,4,20,Yes,2,3,1,2,0,22,No
EMP1066,41,Sales,Master,99116,22,27,Yes,5,1,2,1,0,45,No
EMP1067,36,R&D,PhD,64353,1,20,Yes,3,1,4,4,0,12,No
EMP1068,38,Sales,Master,81563,20,19,No,7,4,3,4,0,20,No
EMP1069,44,Sales,Bachelor,85198,21,20,No,3,4,4,4,0,0,No
EMP1070,46,Sales,Diploma,55063,5,35,No,1,1,4,4,0,18,Yes
EMP1071,45,IT,Bachelor,72757,14,2,No,6,3,1,2,0,59,Yes
EMP1072,49,Sales,Bachelor,78174,20,30,No,3,4,3,2,0,32,No
EMP1073,35,IT,Master,46817,9,34,No,1,1,3,1,1,3,Yes
EMP1074,21,Sales,Master,97842,22,22,Yes,1,1,4,3,0,2,Yes
EMP1075,45,Finance,Bachelor,64224,23,3,No,2,1,2,3,1,51,Yes
EMP1076,27,IT,Master,66741,6,6,Yes,3,1,4,1,0,27,No
EMP1077,29,Sales,Bachelor,46053,4,15,No,1,1,2,3,0,69,No
EMP1078,44,IT,Bachelor,49411,0,27,No,2,1,3,1,0,69,No
EMP1079,21,HR,PhD,21070,12,10,Yes,4,4,4,2,1,54,Yes
EMP1080,28,IT,Bachelor,66103,20,9,No,7,3,1,4,0,56,No
EMP1081,44,HR,Bachelor,115114,17,33,No,2,1,4,4,0,15,No
EMP1082,31,IT,Bachelor,44628,12,32,No,2,2,3,2,0,23,No
EMP1083,37,IT,Diploma,124524,20,6,No,1,4,1,4,0,68,No
EMP1084,28,R&D,Bachelor,93285,20,36,No,5,4,1,4,0,40,No
EMP1085,55,Sales,Bachelor,55528,17,2,Yes,5,1,2,3,0,76,No
EMP1086,55,IT,Master,65545,4,29,Yes,6,4,1,2,0,46,Yes
EMP1087,53,R&D,Bachelor,62298,12,4,Yes,5,1,1,3,1,75,No
EMP1088,25,R&D,Bachelor,99123,3,1,No,2,3,4,3,0,68,No
EMP1089,59,Sales,Master,75340,16,19,Yes,6,3,3,4,0,30,Yes
EMP1090,48,R&D,Bachelor,88639,2,26,No,1,4,2,4,0,29,No
EMP1091,27,Finance,Diploma,72163,16,25,No,3,4,4,2,1,17,No
EMP1092,29,R&D,Bachelor,62761,10,10,No,7,2,1,4,1,43,No
EMP1093,28,R&D,Bachelor,71528,20,15,No,7,4,1,4,1,26,No
EMP1094,32,IT,Bachelor,56861,19,22,No,2,2,2,2,0,25,No
EMP1095,54,IT,Bachelor,35956,22,21,No,2,3,3,4,1,59,Yes
EMP1096,53,R&D,Master,81274,20,22,Yes,6,3,2,3,0,17,Yes
EMP1097,43,R&D,Bachelor,34977,3,36,Yes,1,1,4,2,0,55,Yes
EMP1098,44,Finance,Bachelor,59623,1,34,No,4,3,2,4,0,30,Yes
EMP1099,57,IT,Master,56203,19,30,Yes,2,2,1,1,0,58,No
EMP1100,55,Sales,Master,77867,15,25,Yes,4,4,4,2,1,1,Yes
EMP1101,42,Sales,Bachelor,96294,17,28,No,4,1,1,2,0,38,No
EMP1102,47,R&D,Bachelor,89099,7,1,Yes,5,2,3,1,0,60,No
EMP1103,55,Sales,Bachelor,78449,2,4,No,1,4,1,4,1,62,No
EMP1104,21,R&D,Bachelor,52403,8,7,Yes,7,1,1,4,1,17,No
EMP1105,55,Finance,Bachelor,61331,19,9,No,7,3,2,2,0,16,No
EMP1106,57,Sales,Master,58415,5,36,No,4,2,1,2,0,38,No
EMP1107,34,IT,PhD,55594,9,19,No,7,4,4,4,1,70,No
EMP1108,23,R&D,Bachelor,56951,20,1,No,1,1,4,4,0,53,No
EMP1109,21,IT,Bachelor,56417,9,10,No,5,1,3,3,0,75,No
EMP1110,25,IT,Bachelor,55531,12,36,Yes,1,3,4,2,0,34,No
EMP1111,46,Sales,Bachelor,84038,16,9,No,2,4,2,2,0,10,No
EMP1112,34,HR,Bachelor,43907,8,32,No,4,3,3,1,1,60,No
EMP1113,59,Sales,Diploma,50411,16,32,No,1,3,4,3,0,43,No
EMP1114,47,Finance,Master,33332,23,6,No,7,4,2,4,0,67,No
EMP1115,29,Finance,Diploma,93310,8,38,Yes,3,4,4,3,0,24,No
EMP1116,35,R&D,PhD,49070,8,17,No,1,4,4,4,0,47,No
EMP1117,35,R&D,Bachelor,78216,0,10,No,4,2,1,4,0,31,No
EMP1118,46,R&D,Master,74506,1,27,Yes,5,4,4,3,0,3,No
EMP1119,33,IT,Bachelor,91377,15,35,No,7,1,4,2,0,37,No
EMP1120,52,R&D,Bachelor,60800,0,21,Yes,5,3,2,4,0,62,Yes
EMP1121,59,R&D,Diploma,46049,9,25,Yes,4,2,2,3,0,46,No
EMP1122,52,R&D,Bachelor,33885,17,28,Yes,7,4,1,1,0,0,Yes
EMP1123,24,Sales,PhD,20000,7,15,Yes,2,2,4,3,0,2,Yes
EMP1124,50,IT,Bachelor,68227,20,4,No,7,4,1,1,0,61,No
EMP1125,57,Sales,PhD,80509,10,29,Yes,2,2,4,4,1,63,No
EMP1126,43,IT,Diploma,74434,22,9,No,5,3,3,3,0,16,No
EMP1127,59,Sales,Master,34405,1,27,No,5,3,3,3,0,77,Yes
EMP1128,35,Sales,Master,85777,7,26,Yes,4,1,1,1,0,61,Yes
EMP1129,49,IT,Bachelor,51036,21,19,No,2,1,1,3,1,34,No
EMP1130,56,Finance,PhD,46862,7,28,No,5,4,1,3,0,12,No
EMP1131,33,IT,Diploma,50587,16,17,No,2,3,2,4,1,34,No
EMP1132,52,Sales,Master,66568,14,20,Yes,5,2,2,3,0,42,No
EMP1133,27,Sales,Master,35306,16,39,No,7,2,2,2,1,1,Yes
EMP1134,42,Finance,Master,64259,22,23,No,1,2,1,1,1,55,No
EMP1135,48,R&D,PhD,73589,23,32,Yes,3,1,4,3,0,76,No
EMP1136,22,Sales,Master,87146,12,33,Yes,7,2,3,1,0,50,No
EMP1137,26,Finance,PhD,68519,18,5,No,6,1,1,1,0,53,No
EMP1138,48,IT,Master,38207,4,34,Yes,1,1,2,1,0,15,Yes
EMP1139,48,Finance,Bachelor,67978,11,11,No,6,4,2,3,0,17,No
EMP1140,40,Finance,Bachelor,43795,0,3,No,5,2,1,3,0,6,No
EMP1141,50,Finance,Bachelor,42641,22,33,No,3,2,1,1,0,44,No
EMP1142,31,Sales,Bachelor,37746,4,11,No,3,3,2,2,0,35,No
EMP1143,48,Sales,Bachelor,26775,7,16,Yes,5,4,4,1,0,40,Yes
EMP1144,45,HR,Master,53657,12,18,Yes,5,3,2,2,0,41,No
EMP1145,59,HR,Bachelor,87578,7,30,No,2,4,2,1,0,6,No
EMP1146,53,R&D,Bachelor,110130,24,10,No,5,2,1,4,1,14,No
EMP1147,21,R&D,Master,53528,22,18,No,4,1,4,1,0,59,No
EMP1148,47,R&D,Diploma,86722,10,38,Yes,5,1,2,1,1,39,No
EMP1149,33,HR,Master,57108,0,19,Yes,4,1,2,3,0,36,No
EMP1150,23,Sales,Diploma,31985,12,36,Yes,5,1,3,2,0,65,No
EMP1151,59,R&D,Master,79019,18,13,No,2,1,1,4,0,54,No
EMP1152,26,HR,Bachelor,69696,23,3,Yes,4,3,3,2,0,76,No
EMP1153,28,IT,Master,101360,2,10,No,1,4,3,4,1,79,No
EMP1154,47,Sales,Master,34306,23,38,No,4,2,2,1,0,55,Yes
EMP1155,29,HR,Bachelor,120921,16,1,No,7,3,1,3,0,43,No
EMP1156,57,IT,Bachelor,96834,4,27,No,2,4,4,3,1,56,No
EMP1157,53,R&D,Master,64642,19,8,Yes,6,1,2,2,0,5,No
EMP1158,44,Sales,Bachelor,59027,20,17,No,4,4,4,3,1,31,No
EMP1159,35,R&D,Master,50684,7,9,No,7,4,4,2,1,73,No
EMP1160,52,R&D,Bachelor,67195,13,6,No,7,1,1,2,0,17,No
EMP1161,52,Finance,Master,61321,3,25,No,7,1,3,4,0,67,No
EMP1162,44,Sales,Master,75276,10,39,No,5,1,1,2,0,72,No
EMP1163,32,IT,Bachelor,59113,19,28,Yes,7,2,4,4,0,6,No
EMP1164,59,Sales,Bachelor,93299,14,33,Yes,5,1,2,3,0,7,No
EMP1165,22,R&D,Master,67501,18,37,No,6,2,4,2,1,63,No
EMP1166,23,HR,PhD,59864,6,9,No,2,1,2,2,0,6,No
EMP1167,57,R&D,PhD,85486,18,18,Yes,3,2,2,1,0,40,Yes
EMP1168,37,R&D,Bachelor,32550,18,21,No,5,4,1,2,0,39,No
EMP1169,22,Sales,Master,71820,10,2,No,7,3,4,2,0,2,No
EMP1170,22,R&D,Bachelor,65511,4,38,Yes,7,4,3,1,0,16,Yes
EMP1171,48,IT,Bachelor,36783,4,36,No,1,4,4,1,1,65,Yes
EMP1172,43,R&D,Bachelor,30830,21,37,No,7,1,4,3,0,78,Yes
EMP1173,57,Finance,Master,85207,7,15,Yes,2,2,3,2,0,51,No
EMP1174,52,IT,Bachelor,84256,9,28,No,4,3,1,3,0,21,Yes
EMP1175,53,R&D,Bachelor,68451,5,18,No,4,1,4,3,0,3,No
EMP1176,21,Sales,Master,99333,14,34,No,7,1,4,1,0,5,No
EMP1177,39,R&D,Master,73819,15,22,No,1,1,2,4,1,37,No
EMP1178,22,IT,Bachelor,89996,16,11,No,5,4,4,3,0,25,No
EMP1179,46,R&D,Bachelor,73406,7,13,No,2,2,3,4,1,10,No
EMP1180,52,IT,Bachelor,59484,7,4,No,1,2,2,2,0,16,No
EMP1181,26,R&D,Bachelor,43849,24,22,No,5,3,1,1,0,30,No
EMP1182,52,IT,Master,52931,8,7,Yes,2,2,2,2,1,76,No
EMP1183,24,Sales,Bachelor,59858,1,24,Yes,7,2,3,2,0,34,Yes
EMP1184,31,Finance,Master,92263,14,4,Yes,4,1,3,1,0,15,No
EMP1185,37,R&D,PhD,80398,17,28,No,2,1,2,2,0,78,No
EMP1186,58,R&D,Bachelor,71606,2,15,Yes,7,4,1,1,1,17,Yes
EMP1187,44,R&D,Diploma,82400,16,1,No,6,1,2,4,1,61,No
EMP1188,25,R&D,Bachelor,75548,3,3,Yes,3,1,1,2,0,26,No
EMP1189,54,Finance,Bachelor,70239,3,14,Yes,2,1,2,1,0,34,No
EMP1190,26,Sales,Bachelor,35027,13,38,No,3,1,3,3,1,44,No
EMP1191,42,Sales,Bachelor,87783,8,1,No,2,4,4,2,0,34,Yes
EMP1192,31,HR,Bachelor,55830,8,38,Yes,3,1,4,4,1,27,No
EMP1193,36,R&D,Bachelor,86771,24,38,No,6,3,1,1,0,8,No
EMP1194,53,HR,Master,88704,22,21,No,4,3,1,2,1,75,No
EMP1195,29,IT,Diploma,51599,17,29,Yes,5,3,1,2,0,14,Yes
EMP1196,26,R&D,Master,83994,9,5,No,3,3,3,2,1,20,No
EMP1197,36,Finance,Bachelor,57780,20,10,No,6,1,2,4,0,51,No
EMP1198,49,R&D,Master,57899,3,28,Yes,3,3,3,1,0,34,No
EMP1199,23,Sales,Master,70149,11,21,No,4,1,4,3,0,50,No
EMP1200,40,IT,PhD,70689,7,7,No,3,4,1,3,0,54,No
EMP1201,56,IT,PhD,65771,1,3,No,6,3,2,3,0,76,No
EMP1202,39,R&D,PhD,38314,21,20,Yes,7,2,4,1,0,43,No
EMP1203,46,IT,Bachelor,62571,12,19,Yes,6,3,4,3,1,64,No
EMP1204,23,Sales,Master,110570,20,35,No,1,3,4,4,0,79,No
EMP1205,39,R&D,Bachelor,20000,15,4,Yes,4,1,3,1,0,24,Yes
EMP1206,40,Finance,Diploma,82395,1,5,No,7,3,1,2,0,46,No
EMP1207,52,Sales,Bachelor,86142,10,1,No,1,2,4,4,0,79,No
EMP1208,27,R&D,Bachelor,37833,9,4,No,4,1,1,2,0,55,No
EMP1209,53,IT,Bachelor,55611,14,12,No,7,1,3,3,0,37,No
EMP1210,59,Finance,Master,44986,16,27,No,3,4,4,4,1,10,No
EMP1211,38,R&D,Bachelor,102079,7,23,Yes,7,4,3,1,0,66,No
EMP1212,21,HR,Bachelor,87061,17,25,No,6,3,3,4,0,14,No
EMP1213,31,HR,Diploma,88029,22,21,Yes,1,4,1,2,0,0,No
EMP1214,48,Finance,Diploma,67413,8,24,Yes,3,4,4,1,0,6,No
EMP1215,45,Finance,Bachelor,91242,24,25,No,6,4,3,4,0,0,No
EMP1216,43,Sales,Bachelor,64835,7,32,No,4,1,4,4,0,48,Yes
EMP1217,51,R&D,PhD,92183,13,32,No,7,1,1,4,0,72,No
EMP1218,50,R&D,Diploma,62026,24,5,Yes,6,1,3,4,1,28,No
EMP1219,55,IT,Master,51415,17,36,No,3,4,1,1,0,25,No
EMP1220,27,IT,Master,101219,21,39,Yes,1,1,4,2,0,44,No
EMP1221,36,IT,Bachelor,64583,19,16,No,1,4,4,4,0,70,No
EMP1222,46,Finance,PhD,47024,19,33,Yes,7,1,1,1,0,11,No
EMP1223,22,Sales,Master,46807,20,21,No,6,1,2,2,0,31,No
EMP1224,21,Sales,Master,46868,11,9,No,3,2,3,4,1,19,No
EMP1225,32,R&D,Bachelor,81889,18,6,No,2,3,4,2,0,50,No
EMP1226,25,R&D,Diploma,63023,13,35,No,4,4,4,2,1,35,No
EMP1227,57,Sales,Master,110959,16,39,No,4,2,3,1,1,66,No
EMP1228,52,Sales,Bachelor,88724,23,22,No,3,1,1,2,0,0,No
EMP1229,29,IT,Master,70143,20,5,Yes,2,4,1,1,1,26,No
EMP1230,55,Finance,Master,93078,2,23,Yes,1,1,1,4,0,39,No
EMP1231,39,HR,Master,55090,22,17,No,7,3,2,2,0,13,Yes
EMP1232,36,HR,Master,27904,6,12,No,5,2,2,2,1,68,No
EMP1233,23,R&D,Master,45208,16,23,No,5,3,4,3,0,78,No
EMP1234,40,IT,Diploma,67944,11,16,Yes,7,2,1,4,0,5,No
EMP1235,44,IT,Bachelor,60549,8,3,No,3,1,3,4,0,32,No
EMP1236,53,HR,Bachelor,81488,14,30,No,2,3,4,3,0,54,No
EMP1237,44,Sales,Bachelor,62508,17,22,No,2,3,3,3,1,18,No
EMP1238,31,Sales,Master,79961,20,9,No,4,1,4,1,0,76,No
EMP1239,28,Sales,Master,95019,12,29,No,1,3,2,1,0,28,No
EMP1240,56,HR,PhD,62446,20,37,Yes,6,4,4,2,0,60,No
EMP1241,58,IT,Master,76103,7,23,No,2,2,2,2,0,69,No
EMP1242,40,Finance,Master,29904,13,13,No,7,2,4,2,0,78,No
EMP1243,55,R&D,Diploma,62522,7,32,No,6,2,1,2,0,79,No
EMP1244,45,IT,Bachelor,40361,13,23,Yes,5,4,3,1,0,23,Yes
EMP1245,55,Finance,PhD,67905,6,17,Yes,6,2,1,4,0,22,No
EMP1246,45,R&D,Bachelor,69720,22,21,No,1,1,4,2,1,9,No
EMP1247,49,R&D,Master,69654,11,2,No,7,3,4,4,0,53,No
EMP1248,38,Finance,Master,55398,10,37,No,1,4,4,2,1,40,No
EMP1249,38,R&D,Master,110969,21,6,No,6,2,2,3,1,48,No
EMP1250,22,Finance,Bachelor,39640,21,18,No,3,1,3,2,1,16,No
EMP1251,55,Finance,Bachelor,38417,10,30,Yes,2,3,3,2,1,55,No
EMP1252,36,IT,Master,98100,24,22,No,7,3,4,2,0,44,No
EMP1253,56,IT,PhD,50914,21,33,No,3,4,4,1,0,29,No
EMP1254,53,IT,Bachelor,46106,12,30,No,6,4,2,3,0,43,Yes
EMP1255,24,IT,Diploma,111058,17,17,No,2,4,1,2,0,73,No
EMP1256,53,R&D,Bachelor,84714,1,32,No,4,1,1,2,0,54,No
EMP1257,34,Sales,Master,53111,20,14,No,3,1,3,4,0,18,No
EMP1258,41,R&D,Master,69350,14,10,No,3,4,2,3,1,28,No
EMP1259,40,IT,Master,103917,19,36,Yes,6,2,4,2,0,1,No
EMP1260,28,Sales,Diploma,78832,17,34,Yes,5,3,3,4,1,35,No
EMP1261,27,Sales,Master,90723,14,9,No,6,3,2,4,0,18,No
EMP1262,23,Sales,Master,81096,18,28,Yes,3,1,1,1,0,6,No
EMP1263,37,IT,Bachelor,83605,22,11,Yes,2,3,2,4,0,25,No
EMP1264,53,Finance,Bachelor,65795,23,14,No,5,2,1,2,1,78,No
EMP1265,32,Finance,Bachelor,65227,11,39,No,6,3,2,1,0,37,No
EMP1266,42,R&D,Master,70341,12,19,No,7,1,3,1,1,2,No
EMP1267,42,Finance,Bachelor,79689,21,15,Yes,6,1,1,2,1,79,No
EMP1268,50,IT,Bachelor,59334,10,28,Yes,3,2,3,3,1,65,No
EMP1269,58,HR,Bachelor,67441,4,24,Yes,3,2,3,4,0,70,No
EMP1270,58,HR,Bachelor,58793,0,8,Yes,4,3,1,1,1,42,Yes
EMP1271,28,Sales,Bachelor,67314,23,9,No,6,3,1,3,1,61,No
EMP1272,47,Finance,PhD,39980,2,33,Yes,3,1,4,2,0,70,Yes
EMP1273,47,R&D,Master,117120,21,33,No,7,2,4,4,0,23,No
EMP1274,54,R&D,Master,50341,18,19,Yes,1,2,4,4,0,38,No
EMP1275,41,IT,Master,57771,22,3,No,5,2,3,1,0,67,No
EMP1276,50,R&D,Bachelor,48615,6,10,No,1,3,3,4,0,43,No
EMP1277,53,R&D,PhD,77314,11,1,No,5,2,4,4,1,4,Yes
EMP1278,48,IT,Bachelor,61080,14,29,No,7,1,3,4,0,54,No
EMP1279,53,Sales,Bachelor,45724,24,34,No,6,1,3,4,0,29,Yes
EMP1280,25,IT,Master,78138,4,13,Yes,4,3,1,2,1,28,No
EMP1281,39,HR,Bachelor,80833,14,1,No,3,4,1,3,0,25,No
EMP1282,24,IT,Master,63662,7,34,No,3,3,3,2,1,25,No
EMP1283,55,IT,Bachelor,51727,9,29,No,3,4,4,2,0,36,No
EMP1284,37,HR,Master,108821,15,13,Yes,6,2,2,1,0,52,No
EMP1285,48,HR,Bachelor,71801,7,29,Yes,5,3,4,4,0,29,No
EMP1286,50,IT,Bachelor,39519,0,39,No,7,1,2,2,0,2,Yes
EMP1287,49,IT,Master,93281,11,24,No,3,2,4,4,0,42,No
EMP1288,26,IT,Bachelor,47885,4,26,No,1,1,1,2,1,6,Yes
EMP1289,55,Finance,Bachelor,119838,2,17,Yes,3,2,3,2,0,48,No
EMP1290,57,Sales,Bachelor,66593,0,7,No,6,3,3,1,1,72,No
EMP1291,44,R&D,Master,85266,3,13,Yes,7,4,1,3,0,40,No
EMP1292,49,Finance,Master,23400,7,5,Yes,4,2,2,3,0,76,No
EMP1293,51,R&D,Bachelor,39317,2,26,No,7,4,2,2,0,78,No
EMP1294,55,Sales,Diploma,91677,9,3,Yes,1,2,2,1,0,53,No
EMP1295,53,HR,PhD,71356,1,7,Yes,3,1,1,4,1,68,No
EMP1296,41,Sales,Master,105848,10,39,No,3,1,2,4,1,26,No
EMP1297,52,Sales,Master,74704,24,1,Yes,2,2,1,2,1,7,No
EMP1298,43,Finance,Bachelor,67906,9,17,Yes,5,4,4,3,0,31,No
EMP1299,53,HR,Master,99271,20,25,Yes,1,3,4,1,0,63,No
EMP1300,23,R&D,Bachelor,85203,13,3,Yes,2,3,1,3,0,9,No
EMP1301,38,Finance,Bachelor,61075,6,15,Yes,7,1,3,4,1,12,No
EMP1302,45,Finance,Diploma,43118,1,29,No,4,3,4,3,0,62,Yes
EMP1303,51,R&D,Master,20000,8,32,Yes,5,1,2,4,0,34,Yes
EMP1304,23,R&D,Bachelor,56247,15,26,Yes,1,3,1,1,0,60,Yes
EMP1305,44,IT,Bachelor,41273,12,16,No,3,2,2,1,0,53,No
EMP1306,52,IT,Master,116954,8,25,No,7,1,2,2,0,7,No
EMP1307,42,IT,Bachelor,51993,19,28,No,1,1,3,2,0,28,No
EMP1308,43,Finance,Bachelor,51446,3,9,No,3,2,2,3,1,40,No
EMP1309,22,IT,Bachelor,34575,21,1,No,5,1,3,1,1,29,No
EMP1310,47,R&D,Bachelor,59674,9,29,No,3,3,4,1,0,20,No
EMP1311,22,IT,Master,51709,21,22,No,4,3,1,2,0,75,No
EMP1312,46,R&D,Bachelor,99755,11,16,No,7,1,2,4,0,10,No
EMP1313,37,IT,Master,68370,16,7,Yes,6,3,1,3,1,1,Yes
EMP1314,53,IT,Bachelor,64823,13,14,Yes,3,4,2,3,1,49,No
EMP1315,29,Sales,Master,62307,13,29,Yes,4,1,1,2,1,40,No
EMP1316,59,HR,Diploma,80723,24,19,No,6,2,2,1,1,65,No
EMP1317,49,R&D,Master,55953,1,19,No,7,4,2,2,0,2,Yes
EMP1318,46,R&D,PhD,78344,20,2,No,5,1,2,2,1,79,No
EMP1319,55,IT,Diploma,97279,24,15,No,5,2,2,2,0,50,No
EMP1320,45,R&D,Bachelor,74202,19,3,No,7,3,2,2,0,67,No
EMP1321,44,IT,Master,60005,10,11,Yes,7,2,2,4,0,24,No
EMP1322,33,Sales,PhD,45931,15,30,Yes,1,4,2,4,0,29,No
EMP1323,27,IT,Bachelor,59498,18,18,No,4,3,2,1,0,10,No
EMP1324,56,IT,Bachelor,76262,22,2,No,4,1,2,2,0,16,No
EMP1325,40,IT,Diploma,34349,5,32,No,7,3,1,4,0,25,No
EMP1326,21,R&D,Master,81631,23,8,No,2,1,3,1,1,22,No
EMP1327,28,Finance,Bachelor,69152,18,22,Yes,2,1,2,2,0,55,No
EMP1328,36,R&D,Bachelor,62016,4,6,No,6,2,3,3,0,51,No
EMP1329,34,Sales,Master,51812,3,12,No,6,2,2,4,0,47,No
EMP1330,32,R&D,Master,55472,14,36,No,2,2,2,1,0,19,No
EMP1331,43,Sales,Master,76946,3,15,No,7,4,1,3,0,1,No
EMP1332,35,Finance,Master,62436,19,28,Yes,7,4,4,2,0,30,No
EMP1333,48,Sales,Master,54977,9,18,Yes,6,2,4,2,0,26,No
EMP1334,54,IT,Master,74371,23,2,No,3,4,1,2,1,1,No
EMP1335,22,IT,Master,75164,21,13,No,7,3,3,4,1,77,No
EMP1336,52,Sales,Master,40016,2,15,No,2,3,4,1,0,3,No
EMP1337,43,IT,Master,76430,4,20,Yes,4,4,1,3,0,12,No
EMP1338,42,Sales,Bachelor,115034,5,29,No,7,4,1,1,0,34,No
EMP1339,45,R&D,Bachelor,74392,20,29,Yes,7,3,4,4,1,71,No
EMP1340,42,Sales,Diploma,31020,21,3,Yes,3,1,3,1,0,65,No
EMP1341,42,Finance,Bachelor,68548,7,19,No,6,3,1,4,1,5,No
EMP1342,26,Finance,Bachelor,28384,6,3,No,7,3,2,2,1,30,No
EMP1343,35,Sales,Bachelor,128347,20,14,Yes,5,4,3,3,1,9,No
EMP1344,57,Sales,PhD,109713,9,4,Yes,1,3,3,2,1,20,No
EMP1345,53,IT,Bachelor,51681,5,11,No,2,4,4,1,0,73,Yes
EMP1346,28,R&D,Bachelor,20087,13,31,Yes,5,4,4,2,0,22,Yes
EMP1347,25,Finance,Bachelor,47433,3,32,No,6,2,2,3,1,2,No
EMP1348,59,HR,Master,61380,24,27,No,4,3,1,2,0,31,No
EMP1349,24,R&D,Bachelor,29763,12,30,Yes,1,1,4,3,0,19,Yes
EMP1350,26,IT,Bachelor,63620,19,2,Yes,5,2,4,3,0,73,No
EMP1351,52,R&D,Bachelor,61248,16,9,No,1,4,3,2,0,28,No
EMP1352,50,Finance,PhD,67503,22,28,No,2,4,4,4,1,51,No
EMP1353,55,Finance,Bachelor,69593,6,31,No,6,1,4,1,0,45,No
EMP1354,36,Sales,Bachelor,45688,3,34,No,7,4,4,4,0,33,No
EMP1355,33,Sales,Master,47932,13,15,No,4,3,4,4,1,60,Yes
EMP1356,50,Finance,Diploma,65912,2,25,No,6,2,3,2,1,71,No
EMP1357,39,Finance,Master,52380,23,36,No,1,4,2,1,0,70,No
EMP1358,37,Sales,Diploma,83150,4,8,No,5,4,2,1,0,69,No
EMP1359,39,IT,PhD,65718,15,9,No,2,1,1,4,0,10,No
EMP1360,48,R&D,Bachelor,102300,22,37,No,2,3,4,2,0,62,No
EMP1361,46,R&D,Master,81410,19,39,No,6,4,3,1,0,20,No
EMP1362,57,Finance,Bachelor,87074,3,32,No,7,1,1,4,0,2,No
EMP1363,46,Sales,Master,67651,23,17,Yes,5,4,1,1,0,9,No
EMP1364,43,Finance,Bachelor,68147,23,35,No,7,1,2,2,0,26,No
EMP1365,29,Sales,Bachelor,99626,1,37,Yes,7,1,3,2,0,11,Yes
EMP1366,32,IT,Diploma,57434,17,19,Yes,5,3,3,2,0,6,Yes
EMP1367,21,Sales,Bachelor,75936,18,29,Yes,1,4,3,1,0,16,No
EMP1368,21,HR,PhD,59675,18,7,No,6,3,2,3,1,64,Yes
EMP1369,54,IT,Bachelor,59627,16,28,No,6,1,2,1,0,63,No
EMP1370,52,Sales,Bachelor,41622,13,9,Yes,3,2,2,3,0,25,Yes
EMP1371,45,HR,PhD,50150,18,28,No,6,4,2,2,0,14,No
EMP1372,21,R&D,Master,46435,21,6,No,2,2,2,4,1,32,Yes
EMP1373,36,Sales,Master,76887,23,29,Yes,1,4,4,3,0,61,No
EMP1374,59,IT,Bachelor,85804,12,17,No,5,3,4,2,0,46,No
EMP1375,25,R&D,Master,63105,11,16,No,6,3,3,2,0,34,No
EMP1376,42,HR,Master,69593,5,23,No,1,3,1,3,1,64,Yes
EMP1377,49,HR,Master,61951,20,31,No,6,3,3,4,0,71,Yes
EMP1378,23,HR,Bachelor,48784,3,3,No,5,3,1,2,0,75,No
EMP1379,32,Sales,Diploma,82245,18,21,Yes,4,2,2,3,0,24,No
EMP1380,46,R&D,Master,78051,15,26,Yes,5,3,1,4,0,56,No
EMP1381,36,R&D,Diploma,27149,12,36,Yes,5,1,3,4,1,31,Yes
EMP1382,57,IT,Master,59338,3,37,No,5,1,3,2,0,62,No
EMP1383,42,IT,Master,47359,22,22,Yes,6,2,1,1,0,11,No
EMP1384,49,HR,Bachelor,57181,16,12,Yes,3,4,4,1,0,62,No
EMP1385,34,Sales,Bachelor,51591,22,13,No,5,1,2,2,0,76,No
EMP1386,48,Sales,PhD,64072,0,11,No,2,4,2,4,0,0,No
EMP1387,25,Sales,Bachelor,58402,17,16,No,2,2,3,2,0,50,No
EMP1388,50,Sales,Bachelor,57977,19,8,Yes,1,4,4,3,0,69,No
EMP1389,25,R&D,Bachelor,87148,16,2,Yes,3,4,1,1,0,7,No
EMP1390,32,Sales,Bachelor,76144,14,30,No,1,4,2,3,0,67,No
EMP1391,36,Sales,Diploma,50922,10,30,Yes,2,4,4,2,1,4,No
EMP1392,46,Sales,PhD,53889,24,12,Yes,7,2,2,2,1,38,No
EMP1393,46,Sales,Bachelor,74836,21,10,No,2,1,4,4,1,22,No
EMP1394,41,Sales,Bachelor,74808,12,11,No,4,3,4,4,0,67,No
EMP1395,59,Sales,Master,52924,0,15,No,5,4,3,4,1,51,No
EMP1396,56,R&D,Master,60320,16,16,No,7,1,2,3,0,3,No
EMP1397,53,HR,Diploma,101936,5,17,No,2,1,1,4,0,46,Yes
EMP1398,50,Sales,Master,53269,3,26,Yes,6,2,3,2,1,20,No
EMP1399,57,R&D,Bachelor,103216,19,2,No,6,1,3,4,0,55,No
EMP1400,43,R&D,Master,87073,15,12,Yes,1,2,1,1,0,65,Yes
EMP1401,30,Sales,Diploma,99508,14,26,Yes,7,4,3,4,0,58,Yes
EMP1402,25,Sales,Master,52419,14,23,No,1,4,4,3,0,6,No
EMP1403,56,R&D,Master,61629,5,18,Yes,5,3,4,1,0,48,No
EMP1404,54,IT,Bachelor,56017,14,32,No,5,3,2,1,0,15,No
EMP1405,51,Sales,Master,87535,13,38,Yes,4,3,2,1,1,16,Yes
EMP1406,30,Sales,Master,53646,10,3,No,3,1,1,3,0,74,No
EMP1407,39,Finance,Bachelor,79624,6,38,No,1,4,2,2,0,33,No
EMP1408,52,R&D,Bachelor,78566,8,3,Yes,5,2,4,4,0,32,No
EMP1409,21,Sales,Bachelor,64039,15,30,Yes,1,3,1,1,0,25,No
EMP1410,25,Finance,Bachelor,90973,4,1,No,5,2,1,1,1,65,No
EMP1411,24,IT,Bachelor,67154,24,30,No,2,2,2,1,0,62,No
EMP1412,36,R&D,Bachelor,81682,19,32,No,1,3,4,2,0,40,No
EMP1413,44,R&D,Master,55106,9,28,No,2,4,1,2,0,57,No
EMP1414,36,Sales,Bachelor,50531,17,21,No,1,3,4,3,0,78,No
EMP1415,22,Sales,Bachelor,79623,2,13,No,3,2,4,2,0,9,No
EMP1416,48,HR,PhD,73617,12,27,No,4,3,4,4,0,14,No
EMP1417,52,Sales,Master,69866,10,36,No,6,2,2,3,0,41,No
EMP1418,47,R&D,Master,58126,16,7,No,6,2,3,3,0,56,Yes
EMP1419,40,Finance,Bachelor,95984,21,22,No,6,3,3,4,0,16,No
EMP1420,44,Finance,Master,42668,12,10,No,2,1,1,4,0,59,No
EMP1421,32,Sales,Bachelor,41573,5,39,No,7,3,4,4,0,8,No
EMP1422,55,IT,PhD,83843,16,15,No,5,1,2,3,0,35,No
EMP1423,53,R&D,Bachelor,82202,12,15,Yes,6,2,4,3,1,72,Yes
EMP1424,53,Finance,Master,72075,18,4,Yes,3,2,4,3,0,79,No
EMP1425,57,R&D,Bachelor,59241,20,32,No,6,1,2,4,0,35,No
EMP1426,32,Sales,Master,75048,18,23,No,1,2,3,4,0,47,No
EMP1427,23,Sales,Master,99417,9,6,No,2,1,4,1,0,50,No
EMP1428,21,R&D,Bachelor,115311,2,24,Yes,7,1,4,2,0,69,No
EMP1429,53,R&D,Bachelor,31872,13,20,No,1,2,3,1,0,73,No
EMP1430,30,IT,Master,56622,18,37,No,7,4,2,4,0,79,No
EMP1431,49,IT,Diploma,55365,4,20,Yes,1,1,1,3,0,67,No
EMP1432,33,R&D,PhD,97530,4,12,No,1,3,3,4,0,21,No
EMP1433,32,R&D,Bachelor,20000,19,33,No,4,3,1,2,0,76,No
EMP1434,51,Sales,Bachelor,75277,16,28,No,4,2,1,1,0,79,No
EMP1435,22,Finance,Diploma,59864,20,8,No,5,4,3,1,0,5,Yes
EMP1436,55,Finance,Master,97762,9,1,No,2,2,4,3,0,25,No
EMP1437,43,Finance,Master,95021,4,37,No,3,4,1,1,0,74,Yes
EMP1438,37,Finance,Diploma,72310,3,22,No,3,1,1,1,1,2,Yes
EMP1439,46,Sales,PhD,33406,5,6,No,3,1,2,4,1,51,No
EMP1440,28,Sales,Master,53522,3,21,No,1,1,4,1,0,73,No
EMP1441,49,HR,Bachelor,55712,6,32,No,4,1,1,1,0,59,No
EMP1442,46,Finance,Bachelor,38471,6,35,Yes,2,3,2,1,0,62,No
EMP1443,30,Sales,Master,88092,17,15,No,1,3,4,3,1,64,No
EMP1444,46,Sales,Bachelor,35931,2,5,Yes,7,2,3,3,0,51,No
EMP1445,54,IT,Bachelor,104307,0,6,No,4,4,3,4,0,75,No
EMP1446,27,Sales,Bachelor,104256,23,25,No,4,1,2,1,0,13,No
EMP1447,24,R&D,Bachelor,57299,24,29,Yes,6,1,3,3,0,71,No
EMP1448,31,IT,Master,71570,3,7,No,6,4,1,3,0,67,No
EMP1449,49,Sales,Master,63554,5,13,Yes,2,4,4,4,0,27,Yes
EMP1450,56,Sales,Bachelor,83036,8,38,No,7,2,1,2,0,70,No
EMP1451,45,IT,Bachelor,90494,21,18,No,2,4,1,1,0,9,No
EMP1452,41,IT,Diploma,70160,13,2,No,2,1,3,3,1,56,No
EMP1453,56,Finance,Bachelor,74382,11,8,Yes,1,1,1,4,0,65,No
EMP1454,30,R&D,Master,52588,24,11,Yes,5,1,3,4,0,49,No
EMP1455,57,Sales,Diploma,73734,19,33,No,2,1,4,4,0,13,No
EMP1456,29,IT,Bachelor,68255,23,38,No,6,1,4,3,0,15,Yes
EMP1457,44,HR,Master,46764,24,27,No,5,2,1,1,0,53,No
EMP1458,55,Sales,Diploma,64719,3,20,No,1,1,2,2,0,42,No
EMP1459,55,IT,Bachelor,57336,20,12,No,5,2,3,1,0,41,No
EMP1460,56,Sales,Master,52810,23,31,No,3,1,3,4,0,21,No
EMP1461,38,R&D,Bachelor,42070,11,27,No,7,3,1,4,0,67,No
EMP1462,59,Sales,Bachelor,66250,9,32,Yes,5,3,3,2,0,18,Yes
EMP1463,52,R&D,PhD,49391,21,10,Yes,2,3,3,1,0,65,No
EMP1464,44,R&D,PhD,55578,6,3,No,1,3,2,4,0,38,No
EMP1465,43,HR,Master,86502,2,27,Yes,7,2,2,4,0,72,Yes
EMP1466,52,IT,Bachelor,77642,22,35,No,2,2,1,1,0,18,No
EMP1467,57,Finance,Bachelor,45425,13,31,No,7,4,2,4,0,15,No
EMP1468,32,Sales,Master,72038,23,15,Yes,6,1,1,1,0,53,No
EMP1469,33,Sales,Bachelor,67656,9,16,Yes,3,3,4,4,0,24,No
EMP1470,43,Sales,Master,99034,15,13,No,6,2,1,1,0,17,No
EMP1471,45,Sales,Master,92663,15,35,No,2,1,4,2,0,22,No
EMP1472,55,IT,Master,34325,21,11,No,2,1,1,4,1,10,No
EMP1473,50,IT,Master,82223,9,21,No,2,2,3,2,0,38,No
EMP1474,37,IT,Bachelor,90304,24,11,No,4,3,2,4,0,67,No
EMP1475,40,Sales,Bachelor,76187,12,30,No,3,4,4,4,0,24,No
EMP1476,45,R&D,Bachelor,58292,5,35,No,7,1,1,3,0,62,Yes
EMP1477,42,R&D,Master,113268,11,22,No,2,4,2,1,0,29,No
EMP1478,33,Sales,Master,78028,8,38,No,2,3,1,2,0,44,No
EMP1479,39,IT,Master,104531,12,31,Yes,7,3,2,2,0,60,Yes
EMP1480,56,Finance,Master,92030,3,14,No,6,4,2,2,0,50,No
EMP1481,32,R&D,Diploma,74283,23,24,No,6,3,1,1,0,8,No
EMP1482,39,IT,Bachelor,53406,10,32,Yes,2,1,4,3,0,75,No
EMP1483,32,HR,Bachelor,64518,19,36,Yes,1,4,4,2,0,1,No
EMP1484,29,Sales,Bachelor,60562,17,32,No,4,3,3,1,0,4,No
EMP1485,27,HR,Master,40710,10,15,No,6,4,2,4,1,61,No
EMP1486,48,R&D,Bachelor,78006,24,35,No,1,1,3,2,0,68,No
EMP1487,34,Sales,PhD,96347,20,3,Yes,4,3,3,2,0,51,No
EMP1488,51,IT,Master,59034,3,16,Yes,2,1,1,3,0,4,No
EMP1489,39,Finance,Diploma,108273,17,5,No,3,3,1,2,0,58,No
EMP1490,36,R&D,Diploma,33848,0,21,No,5,2,1,2,1,67,No
EMP1491,25,R&D,Bachelor,86087,6,10,No,5,3,2,4,1,8,No
EMP1492,55,Finance,Bachelor,98430,5,19,No,2,4,1,1,0,21,No
EMP1493,32,IT,Master,60919,14,25,No,6,3,1,1,1,26,No
EMP1494,45,IT,Bachelor,61279,17,4,No,1,1,2,3,0,9,No
EMP1495,41,Sales,Bachelor,85855,23,29,No,3,1,2,4,0,79,No
EMP1496,56,Finance,Master,75120,10,19,No,7,3,4,1,1,60,No
EMP1497,43,Sales,Bachelor,25052,19,2,No,4,4,1,4,1,50,No
EMP1498,36,IT,Master,48133,23,10,No,2,2,1,1,0,9,No
EMP1499,59,Sales,Master,64729,14,25,No,3,4,1,4,1,5,Yes
EMP1500,59,IT,Bachelor,37606,15,20,No,3,2,4,3,1,61,Yes
EMP1501,34,R&D,Bachelor,55517,6,19,Yes,6,1,1,2,1,4,No
EMP1502,51,R&D,Bachelor,38106,20,23,No,4,4,4,3,1,69,No
EMP1503,25,R&D,Master,57597,9,24,Yes,3,2,3,1,1,62,No
EMP1504,55,Sales,Bachelor,58268,11,11,No,6,3,4,3,0,55,No
EMP1505,43,IT,PhD,72035,23,34,No,1,1,3,2,1,58,No
EMP1506,49,Finance,Bachelor,63165,13,28,No,6,3,1,3,0,62,No
EMP1507,31,Finance,Bachelor,75056,24,5,Yes,1,1,3,1,1,58,No
EMP1508,38,Sales,Bachelor,72671,4,5,No,1,4,4,1,0,50,No
EMP1509,32,IT,Bachelor,85627,20,21,No,7,4,2,3,0,49,No
EMP1510,29,IT,Bachelor,82476,17,12,No,7,1,3,2,0,3,Yes
EMP1511,30,R&D,Master,80362,4,4,No,3,1,3,3,0,47,No
EMP1512,37,Sales,Master,127097,2,20,No,6,1,1,2,0,31,No
EMP1513,58,IT,Bachelor,71948,22,38,No,7,4,4,4,1,50,No
EMP1514,27,Finance,Bachelor,116871,4,25,Yes,1,2,3,2,1,51,No
EMP1515,33,IT,Master,73244,23,14,Yes,7,3,3,4,0,73,No
EMP1516,29,R&D,Master,63343,16,11,No,4,3,3,3,1,33,No
EMP1517,47,HR,Bachelor,57537,18,32,No,3,4,3,2,1,35,No
EMP1518,22,Sales,PhD,95195,18,11,Yes,6,3,2,4,0,69,No
EMP1519,25,IT,Bachelor,97810,24,18,Yes,6,1,4,4,0,42,No
EMP1520,49,IT,Master,76996,20,27,Yes,5,2,1,4,1,15,No
EMP1521,57,Sales,Bachelor,87671,11,18,No,6,3,1,1,0,58,No
EMP1522,58,Finance,Bachelor,39456,24,23,No,3,2,2,3,1,52,No
EMP1523,39,R&D,Diploma,34024,8,11,No,4,1,4,4,1,18,No
EMP1524,28,Finance,Bachelor,89927,0,21,No,6,3,3,2,1,40,No
EMP1525,21,R&D,Master,62464,17,5,No,5,4,2,4,0,46,No
EMP1526,42,Sales,Bachelor,79986,20,23,Yes,3,2,4,1,0,53,Yes
EMP1527,37,R&D,Master,50654,3,25,Yes,1,1,3,3,0,54,No
EMP1528,27,R&D,PhD,98140,9,10,Yes,2,2,2,1,0,18,No
EMP1529,45,Sales,Bachelor,34192,24,22,No,2,3,4,1,0,61,Yes
EMP1530,24,HR,PhD,37288,6,19,No,1,3,1,1,0,58,Yes
EMP1531,56,HR,Master,93886,21,1,Yes,7,4,1,2,0,64,No
EMP1532,26,IT,Master,20000,22,7,No,6,1,4,3,1,67,Yes
EMP1533,51,Sales,Master,72571,0,4,No,2,1,1,3,0,27,Yes
EMP1534,39,HR,PhD,62853,16,1,No,7,4,4,2,0,17,No
EMP1535,59,Sales,Bachelor,50281,23,15,Yes,2,4,3,3,0,25,Yes
EMP1536,47,IT,Bachelor,61001,1,12,No,1,1,4,1,0,18,No
EMP1537,30,Sales,PhD,48050,10,22,No,6,2,3,3,0,54,No
EMP1538,46,Finance,Master,95845,8,22,Yes,6,2,2,2,0,56,No
EMP1539,39,IT,Bachelor,101090,6,17,No,7,4,4,1,0,5,No
EMP1540,59,HR,Master,51285,21,29,Yes,1,2,2,2,0,0,No
EMP1541,23,R&D,Master,70510,16,14,No,7,1,1,4,0,7,No
EMP1542,33,Sales,Bachelor,38498,16,20,No,6,3,3,1,1,50,No
EMP1543,48,R&D,Bachelor,86461,1,33,No,6,3,4,1,1,24,No
EMP1544,40,Finance,Master,85940,5,15,No,3,2,2,3,1,46,No
EMP1545,48,Finance,Bachelor,59095,13,12,No,7,4,3,1,1,54,No
EMP1546,28,Sales,Master,65338,5,20,No,3,4,3,2,1,63,No
EMP1547,59,HR,PhD,63125,1,30,No,1,4,1,3,1,9,No
EMP1548,21,IT,Bachelor,32631,0,38,No,4,4,1,4,0,55,No
EMP1549,23,IT,Bachelor,95920,9,3,No,2,4,3,2,0,11,No
EMP1550,33,Sales,Bachelor,49661,20,28,No,3,2,3,4,0,32,No
EMP1551,48,Sales,Bachelor,49797,4,26,No,2,3,4,4,0,70,No
EMP1552,45,R&D,Master,61992,1,30,No,5,3,3,4,0,16,Yes
EMP1553,53,IT,Bachelor,84911,21,13,No,1,2,4,1,0,60,No
EMP1554,58,R&D,Master,53174,15,13,No,4,4,3,2,1,9,No
EMP1555,26,R&D,Bachelor,25956,24,2,No,5,2,1,2,1,30,No
EMP1556,52,Finance,Bachelor,47260,1,37,No,5,3,4,1,0,59,Yes
EMP1557,41,IT,Bachelor,73483,9,38,No,6,1,2,3,0,69,No
EMP1558,36,Finance,Bachelor,108795,1,2,No,5,2,1,4,1,16,No
EMP1559,41,R&D,Bachelor,39802,15,36,No,1,4,4,2,0,49,No
EMP1560,31,Sales,Bachelor,39070,15,26,No,3,3,4,1,1,36,No
EMP1561,57,Finance,PhD,34748,18,11,No,1,3,2,4,0,61,No
EMP1562,56,R&D,Master,32266,6,8,No,3,3,4,3,0,79,No
EMP1563,55,Sales,Bachelor,89114,21,22,No,5,3,3,3,0,71,No
EMP1564,39,R&D,Bachelor,94894,11,20,No,5,4,2,4,1,76,No
EMP1565,40,Sales,Bachelor,68555,23,8,No,4,1,1,3,0,28,No
EMP1566,38,R&D,Bachelor,55646,14,29,Yes,3,3,1,2,0,31,No
EMP1567,34,Finance,Bachelor,100823,7,26,Yes,5,2,3,2,0,79,No
EMP1568,35,Finance,Bachelor,68478,5,30,Yes,6,1,1,2,0,10,Yes
EMP1569,51,Finance,Bachelor,86789,9,17,No,2,3,4,3,1,5,No
EMP1570,21,Sales,Bachelor,54671,2,20,Yes,4,1,4,2,1,34,No
EMP1571,23,R&D,Bachelor,65885,18,16,Yes,1,2,3,1,0,32,No
EMP1572,36,Sales,Bachelor,40253,16,7,No,4,3,1,2,0,17,No
EMP1573,43,Finance,Master,77585,6,16,No,2,2,1,2,0,36,No
EMP1574,31,R&D,Bachelor,68819,20,27,No,3,4,3,3,0,12,No
EMP1575,32,IT,Bachelor,47109,19,23,No,1,3,2,2,1,73,No
EMP1576,30,IT,Master,47378,3,24,Yes,1,3,1,4,0,63,No
EMP1577,52,R&D,PhD,97319,13,9,No,3,3,2,1,0,0,No
EMP1578,36,R&D,PhD,104433,19,35,No,7,3,1,3,0,62,No
EMP1579,28,Finance,Master,60737,21,20,No,7,4,1,1,1,33,No
EMP1580,58,Finance,Bachelor,66355,14,37,No,4,3,1,4,1,9,No
EMP1581,32,R&D,Master,73002,23,17,No,5,1,1,3,1,6,No
EMP1582,44,R&D,Master,67961,7,31,No,7,3,4,3,0,55,No
EMP1583,48,Finance,Bachelor,31514,20,8,No,4,4,2,2,0,79,No
EMP1584,28,Sales,Master,73557,14,15,Yes,7,3,2,1,1,36,No
EMP1585,48,R&D,PhD,23242,21,31,Yes,2,1,1,4,0,28,No
EMP1586,56,Sales,Bachelor,50346,19,30,Yes,6,4,1,4,0,11,No
EMP1587,46,HR,Bachelor,75109,13,20,Yes,5,4,2,3,0,16,No
EMP1588,28,Sales,Bachelor,77000,8,39,No,4,1,4,2,1,47,No
EMP1589,48,R&D,Bachelor,48799,7,12,Yes,6,1,3,3,0,25,No
EMP1590,48,Sales,Bachelor,55831,16,17,No,6,1,3,3,0,11,Yes
EMP1591,57,HR,Master,53123,1,30,Yes,7,1,2,3,0,20,No
EMP1592,56,Finance,Master,62943,24,29,Yes,3,1,1,3,0,41,No
EMP1593,47,IT,Bachelor,64464,23,19,No,2,4,1,4,0,60,No
EMP1594,37,IT,PhD,78369,2,11,Yes,2,4,4,4,1,57,No
EMP1595,29,IT,Bachelor,54662,7,34,No,2,3,3,3,1,53,No
EMP1596,53,Sales,Bachelor,72468,11,7,No,5,3,4,3,0,33,No
EMP1597,40,Sales,Master,75140,0,34,Yes,1,2,3,2,1,6,Yes
EMP1598,33,Finance,Master,68966,9,20,Yes,5,3,2,3,1,34,No
EMP1599,48,R&D,Master,59808,19,38,No,4,3,3,4,0,14,No
EMP1600,49,Sales,PhD,68613,2,24,Yes,6,1,4,1,0,64,No
EMP1601,33,IT,Master,80035,5,10,Yes,6,1,4,4,1,24,No
EMP1602,55,R&D,PhD,81784,6,32,Yes,1,3,4,2,0,58,Yes
EMP1603,26,R&D,Bachelor,101307,19,15,Yes,4,2,2,4,0,78,No
EMP1604,38,Finance,Master,45199,22,37,No,1,1,3,1,1,5,No
EMP1605,25,Finance,Diploma,56200,24,20,No,6,3,3,3,0,51,No
EMP1606,45,R&D,Master,32731,17,3,No,7,3,4,1,0,78,No
EMP1607,22,Finance,Bachelor,83620,10,37,Yes,5,4,3,3,0,20,No
EMP1608,30,IT,Master,58310,18,8,Yes,2,2,1,3,0,70,No
EMP1609,50,IT,Master,69124,4,23,No,6,4,1,4,1,31,No
EMP1610,25,Sales,Bachelor,52913,18,11,No,3,2,1,4,0,52,No
EMP1611,53,Sales,Diploma,58466,10,8,No,2,1,3,4,0,58,No
EMP1612,21,IT,Bachelor,89464,23,29,No,6,2,2,2,0,68,Yes
EMP1613,38,Finance,Bachelor,78885,11,30,No,5,3,2,4,0,61,Yes
EMP1614,52,IT,Diploma,62770,9,10,No,1,3,2,2,0,3,No
EMP1615,31,Sales,Bachelor,80356,7,39,No,7,2,2,4,0,17,No
EMP1616,41,Sales,Bachelor,80798,23,28,No,7,2,1,3,1,55,No
EMP1617,46,IT,Master,57171,8,36,No,2,2,1,2,0,23,Yes
EMP1618,45,Sales,Master,35618,3,13,Yes,5,4,4,1,0,65,Yes
EMP1619,42,HR,Bachelor,47017,4,32,No,7,2,3,2,0,12,No
EMP1620,47,Sales,Diploma,38189,20,36,No,7,1,3,2,0,61,No
EMP1621,33,Sales,Master,88289,7,37,No,4,4,2,1,0,53,No
EMP1622,53,IT,Master,91762,22,26,No,3,4,1,2,0,14,No
EMP1623,54,IT,Master,96727,8,22,No,2,2,2,3,1,68,No
EMP1624,55,R&D,Master,24609,14,4,Yes,1,1,4,4,0,2,Yes
EMP1625,21,Sales,Bachelor,86428,14,31,No,7,4,3,1,0,36,No
EMP1626,41,IT,Bachelor,109244,15,18,No,4,3,3,4,0,36,No
EMP1627,26,Sales,Master,87240,13,38,No,5,4,2,3,1,2,No
EMP1628,48,HR,PhD,21975,7,24,No,7,2,4,1,0,62,No
EMP1629,37,Finance,Bachelor,100366,17,23,No,3,1,3,4,0,34,No
EMP1630,25,Sales,Master,65834,9,22,No,1,2,4,4,0,51,Yes
EMP1631,51,Finance,PhD,60352,19,2,No,5,3,4,3,0,27,No
EMP1632,25,Sales,Bachelor,74022,5,31,No,5,3,2,4,0,17,No
EMP1633,58,HR,Bachelor,44020,11,11,No,2,3,1,3,1,35,No
EMP1634,23,R&D,Bachelor,65056,1,28,No,7,2,2,2,0,32,Yes
EMP1635,43,Finance,Master,97409,6,32,Yes,2,4,1,3,0,63,No
EMP1636,57,R&D,Bachelor,77448,15,5,No,1,2,4,2,0,25,Yes
EMP1637,57,R&D,Bachelor,66168,2,38,Yes,7,1,1,1,0,47,No
EMP1638,30,Finance,Master,66792,12,10,No,6,4,4,4,0,39,No
EMP1639,30,HR,Master,41372,2,24,No,7,3,3,3,0,16,No
EMP1640,39,HR,Bachelor,62000,17,35,No,6,2,3,3,0,39,No
EMP1641,37,R&D,Bachelor,32314,10,23,No,5,3,3,4,0,6,No
EMP1642,41,IT,Master,85449,7,17,Yes,2,3,2,4,0,56,No
EMP1643,34,Sales,Diploma,21286,5,1,Yes,3,1,2,1,0,7,Yes
EMP1644,29,Sales,PhD,82098,0,31,No,7,4,4,1,1,55,No
EMP1645,21,HR,Master,84588,0,31,No,3,1,3,3,0,30,Yes
EMP1646,33,R&D,Bachelor,91375,22,34,No,7,1,2,1,0,58,No
EMP1647,24,Finance,Bachelor,66737,7,9,Yes,5,1,3,2,1,57,No
EMP1648,21,Finance,Bachelor,83333,4,22,Yes,2,3,2,1,0,11,No
EMP1649,52,IT,Bachelor,61805,15,13,Yes,1,1,1,1,1,47,No
EMP1650,54,IT,Master,41266,10,25,Yes,1,1,1,3,1,30,Yes
EMP1651,48,IT,Bachelor,95615,4,18,No,1,4,3,2,1,62,No
EMP1652,51,Sales,Bachelor,63062,3,12,No,7,4,4,1,1,73,No
EMP1653,28,IT,Diploma,36810,5,17,No,7,1,2,2,0,38,No
EMP1654,59,Sales,Bachelor,55664,13,15,No,3,4,2,2,0,75,No
EMP1655,46,R&D,Bachelor,56454,21,15,Yes,2,4,1,2,0,19,No
EMP1656,54,IT,Bachelor,74234,18,15,No,7,1,1,4,0,47,No
EMP1657,23,HR,Master,111941,8,39,Yes,2,3,4,4,0,70,No
EMP1658,32,Finance,Master,75448,11,13,Yes,3,1,4,4,1,53,No
EMP1659,21,Sales,Bachelor,69137,10,17,No,7,4,4,4,0,77,No
EMP1660,25,IT,Master,114116,13,32,Yes,1,3,3,3,1,74,No
EMP1661,50,Sales,Master,84578,22,9,Yes,1,2,1,1,1,70,No
EMP1662,50,IT,PhD,70085,15,20,No,5,3,3,4,1,28,No
EMP1663,37,IT,Diploma,55412,0,26,No,6,4,1,3,1,73,Yes
EMP1664,43,HR,PhD,71324,12,27,No,4,3,1,1,1,72,No
EMP1665,35,R&D,Master,63672,22,21,Yes,6,1,2,4,1,47,No
EMP1666,57,Sales,Bachelor,66829,20,18,Yes,7,2,1,1,0,73,No
EMP1667,41,Sales,Bachelor,91288,20,13,No,2,2,1,4,0,55,No
EMP1668,34,IT,Bachelor,54194,12,16,Yes,7,2,3,3,1,16,No
EMP1669,22,Finance,Master,75271,1,9,No,2,4,1,2,1,8,Yes
EMP1670,31,Sales,PhD,83979,3,12,Yes,2,4,3,2,0,33,No
EMP1671,59,IT,Master,51758,5,38,No,6,2,4,1,0,44,No
EMP1672,58,Finance,Bachelor,48548,22,19,Yes,4,3,1,3,0,8,No
EMP1673,54,HR,Master,61993,4,7,No,5,2,1,2,0,6,No
EMP1674,58,IT,Diploma,55767,24,35,No,6,3,3,4,1,15,Yes
EMP1675,54,IT,Master,88047,2,18,No,4,3,4,2,1,18,No
EMP1676,38,R&D,PhD,44965,0,16,Yes,1,4,2,1,0,5,Yes
EMP1677,50,R&D,PhD,66369,3,39,No,1,3,4,1,0,10,Yes
EMP1678,35,Sales,Diploma,115921,24,4,No,2,2,3,3,0,75,No
EMP1679,47,Finance,Master,73261,19,25,No,3,4,4,1,0,60,No
EMP1680,54,Finance,Master,76586,1,32,No,7,1,3,2,0,41,No
EMP1681,58,IT,Bachelor,88214,4,13,Yes,7,1,3,2,0,12,No
EMP1682,53,Sales,Bachelor,55741,2,17,Yes,2,4,2,2,0,11,No
EMP1683,44,R&D,Master,43372,8,37,No,3,2,1,2,0,73,No
EMP1684,35,Sales,Bachelor,68530,19,6,Yes,4,1,3,3,0,19,No
EMP1685,50,Sales,Diploma,70308,5,19,No,1,1,3,4,0,49,No
EMP1686,37,IT,Bachelor,32636,17,13,No,7,3,2,4,0,35,No
EMP1687,25,Finance,PhD,72501,5,26,No,6,3,3,3,0,68,No
EMP1688,49,Finance,Bachelor,86397,18,14,No,3,2,1,1,0,36,No
EMP1689,24,IT,Bachelor,46741,11,31,No,4,4,2,4,1,11,No
EMP1690,30,Sales,Diploma,73711,24,4,Yes,1,2,1,1,1,39,No
EMP1691,37,R&D,Bachelor,82845,10,39,Yes,6,4,1,4,1,53,No
EMP1692,30,R&D,Bachelor,76734,1,8,No,3,1,2,1,1,1,No
EMP1693,37,IT,Bachelor,78620,14,25,Yes,2,3,3,3,0,49,No
EMP1694,40,IT,Master,60104,11,13,Yes,2,2,1,2,0,40,No
EMP1695,44,R&D,Bachelor,42450,11,32,No,2,2,1,1,0,44,No
EMP1696,25,R&D,Master,56057,8,38,No,7,4,1,2,1,8,No
EMP1697,54,Sales,Master,53279,20,38,No,4,4,1,1,1,61,No
EMP1698,26,R&D,Master,63395,23,28,Yes,2,2,2,1,0,46,No
EMP1699,22,R&D,Master,86865,1,30,Yes,7,4,2,1,0,4,Yes
EMP1700,33,Sales,Master,38763,21,3,Yes,5,2,4,1,0,75,Yes
EMP1701,31,R&D,Bachelor,67885,2,28,No,7,2,4,1,1,0,Yes
EMP1702,43,Finance,PhD,43732,11,3,No,1,2,1,2,0,43,No
EMP1703,36,HR,Bachelor,50199,15,34,No,7,1,3,1,0,21,No
EMP1704,51,Sales,Master,76175,20,16,No,4,4,1,2,0,37,No
EMP1705,31,Sales,Bachelor,41201,23,22,No,6,3,3,3,0,18,No
EMP1706,36,R&D,PhD,79685,0,32,No,7,3,1,4,1,79,No
EMP1707,28,R&D,Bachelor,37957,20,38,No,2,4,4,1,0,30,No
EMP1708,24,R&D,Bachelor,78340,2,8,No,1,2,4,4,1,66,Yes
EMP1709,24,HR,Master,34009,19,8,No,3,3,3,2,0,41,No
EMP1710,45,HR,Master,52644,1,6,No,2,3,1,3,1,25,No
EMP1711,23,IT,Bachelor,102930,8,14,No,1,4,3,3,1,12,No
EMP1712,52,R&D,Master,99171,18,32,No,5,3,4,3,0,57,Yes
EMP1713,23,IT,Master,56750,14,35,No,3,2,1,4,0,17,No
EMP1714,47,R&D,Diploma,72799,17,10,No,5,4,1,2,0,66,No
EMP1715,49,Sales,Master,89081,10,3,No,6,2,3,1,0,2,No
EMP1716,52,HR,Bachelor,78626,24,12,Yes,1,3,2,1,1,54,Yes
EMP1717,39,HR,Bachelor,59531,22,31,Yes,5,3,3,2,0,57,No
EMP1718,41,Finance,PhD,50027,15,29,No,6,2,4,4,1,62,No
EMP1719,25,IT,PhD,82362,21,5,No,1,1,4,1,0,51,No
EMP1720,38,Finance,Bachelor,87614,16,25,Yes,1,3,4,2,0,23,Yes
EMP1721,48,Finance,Bachelor,99314,4,31,No,5,1,4,1,0,71,No
EMP1722,42,IT,Master,31255,11,21,Yes,1,3,4,3,0,8,Yes
EMP1723,41,HR,Bachelor,39938,10,20,Yes,2,1,2,1,0,36,No
EMP1724,26,HR,Bachelor,88238,14,39,No,1,1,1,4,1,52,No
EMP1725,21,Finance,Bachelor,33969,2,22,Yes,4,1,3,2,0,79,No
EMP1726,25,IT,Bachelor,89771,0,4,Yes,6,2,3,4,1,23,No
EMP1727,32,Sales,Bachelor,60701,19,13,No,1,1,4,2,0,20,No
EMP1728,46,IT,Master,54582,15,20,No,4,1,3,3,0,39,No
EMP1729,54,Sales,Bachelor,69109,1,13,No,1,1,4,2,1,61,No
EMP1730,34,R&D,Bachelor,38093,1,17,No,1,3,2,1,1,69,No
EMP1731,46,Sales,Bachelor,81480,2,36,No,5,1,2,1,0,68,No
EMP1732,47,IT,Bachelor,98793,7,33,Yes,2,3,1,3,1,13,No
EMP1733,29,Finance,Bachelor,82412,23,1,No,6,1,2,2,0,41,No
EMP1734,46,R&D,Bachelor,60070,14,15,Yes,2,1,2,3,0,49,No
EMP1735,42,Sales,Master,34239,6,13,No,3,2,1,1,0,60,No
EMP1736,50,R&D,Bachelor,35008,5,17,No,5,3,3,4,1,3,No
EMP1737,37,IT,Bachelor,38407,8,24,No,5,1,4,3,0,71,No
EMP1738,46,R&D,Bachelor,64754,19,8,Yes,2,3,4,4,0,74,No
EMP1739,56,R&D,Master,67268,0,27,No,7,3,3,4,0,16,Yes
EMP1740,21,Sales,PhD,82369,7,23,Yes,5,4,1,2,0,56,No
EMP1741,28,R&D,Bachelor,29079,22,8,Yes,2,2,3,3,0,47,No
EMP1742,55,R&D,Diploma,91224,22,8,No,5,2,2,4,0,43,No
EMP1743,35,IT,Bachelor,78888,2,26,Yes,1,2,1,4,0,44,No
EMP1744,42,Sales,PhD,58463,3,13,No,2,4,1,2,0,79,No
EMP1745,34,IT,Bachelor,41205,24,39,Yes,2,4,1,2,0,32,Yes
EMP1746,46,Sales,Master,89983,14,37,No,4,2,4,1,0,30,No
EMP1747,48,R&D,Master,58998,5,28,No,5,4,3,4,0,46,No
EMP1748,43,R&D,Bachelor,64600,14,25,No,5,4,1,1,0,5,No
EMP1749,34,IT,PhD,72672,20,16,No,2,4,1,4,1,71,No
EMP1750,44,Finance,Master,46736,2,2,No,1,2,1,1,0,70,No
EMP1751,22,Finance,Bachelor,59356,24,18,No,1,2,3,2,0,33,No
EMP1752,46,HR,Bachelor,82306,20,17,No,6,2,4,3,0,52,No
EMP1753,34,R&D,Bachelor,80282,20,30,No,1,4,2,2,1,13,No
EMP1754,27,IT,PhD,80462,13,39,No,5,2,4,1,1,15,No
EMP1755,23,IT,Master,41896,19,13,No,7,4,1,1,0,42,No
EMP1756,43,Sales,Bachelor,60268,13,32,No,4,1,4,3,0,72,No
EMP1757,38,IT,Master,57072,3,29,No,2,4,4,4,0,73,No
EMP1758,58,R&D,PhD,73504,11,30,No,3,3,2,1,0,11,No
EMP1759,55,Sales,Master,71713,16,18,No,4,2,3,1,0,69,Yes
EMP1760,35,R&D,Master,68109,6,13,Yes,7,2,3,1,0,18,Yes
EMP1761,45,R&D,Master,114315,8,21,Yes,3,3,4,3,1,40,No
EMP1762,57,HR,Bachelor,59184,2,30,No,4,4,4,2,0,52,No
EMP1763,48,Sales,Bachelor,56844,12,21,Yes,1,1,3,1,0,28,No
EMP1764,30,Sales,PhD,41865,14,17,No,5,3,3,3,0,69,No
EMP1765,59,Sales,Bachelor,34243,17,19,No,7,3,2,1,0,58,No
EMP1766,37,HR,Diploma,40594,18,15,No,3,4,1,4,0,63,No
EMP1767,59,IT,Bachelor,50626,0,9,Yes,7,2,4,3,0,23,Yes
EMP1768,42,R&D,Bachelor,91201,5,10,Yes,4,4,3,1,0,15,No
EMP1769,46,Sales,Diploma,65783,22,31,No,5,3,4,3,0,51,No
EMP1770,45,Sales,Master,68867,1,23,No,7,3,4,1,0,79,No
EMP1771,37,Finance,Bachelor,63075,23,30,No,3,2,3,2,0,5,No
EMP1772,33,R&D,Master,72306,13,33,No,2,2,2,1,0,36,No
EMP1773,40,R&D,Master,93041,5,9,No,4,2,4,3,0,3,No
EMP1774,45,Sales,Master,25121,13,1,No,2,4,2,4,0,37,Yes
EMP1775,24,IT,Bachelor,89367,3,35,No,1,2,3,4,0,40,Yes
EMP1776,30,HR,PhD,20000,20,11,Yes,2,3,1,4,0,13,Yes
EMP1777,23,Sales,PhD,65564,7,34,No,2,3,1,1,0,70,No
EMP1778,38,Sales,Bachelor,108838,2,16,No,6,1,4,2,0,50,No
EMP1779,56,R&D,PhD,78613,18,9,No,4,4,3,1,0,64,Yes
EMP1780,42,IT,PhD,72461,13,32,Yes,1,1,2,4,0,51,No
EMP1781,54,Finance,Master,105039,19,15,No,2,3,4,3,1,29,No
EMP1782,28,IT,Master,50939,16,12,No,5,1,3,4,0,56,Yes
EMP1783,39,IT,Bachelor,73679,24,33,No,3,3,3,3,0,78,No
EMP1784,57,Sales,Bachelor,76562,7,14,Yes,2,1,2,2,0,29,No
EMP1785,26,HR,Master,54552,23,8,No,1,2,4,3,0,41,No
EMP1786,46,IT,PhD,56318,13,8,No,2,1,3,1,1,10,No
EMP1787,54,Sales,Master,54124,5,27,No,3,2,3,1,0,26,Yes
EMP1788,26,Finance,Master,66746,22,12,No,1,2,3,1,1,23,No
EMP1789,57,Sales,Bachelor,75934,21,1,No,4,4,2,3,0,38,No
EMP1790,53,R&D,Bachelor,67465,15,11,No,1,2,4,1,0,71,No
EMP1791,42,IT,Bachelor,79189,24,39,No,4,2,4,1,1,17,No
EMP1792,41,IT,Bachelor,25617,18,31,No,1,1,4,1,0,76,No
EMP1793,26,IT,Master,60635,13,17,Yes,7,3,4,2,0,44,No
EMP1794,26,Sales,Bachelor,44532,18,33,No,3,4,1,3,0,11,No
EMP1795,24,IT,Master,71034,2,32,Yes,3,2,1,3,0,48,No
EMP1796,50,HR,Bachelor,70738,9,29,No,1,4,4,4,0,30,No
EMP1797,31,R&D,Master,62688,18,21,Yes,7,1,2,3,0,21,No
EMP1798,50,Finance,Master,75206,8,21,Yes,2,2,1,2,0,43,No
EMP1799,51,IT,Bachelor,84956,19,23,No,3,1,3,3,1,63,No
